{
  "meta": {
    "generated_at_utc": "2026-06-30T13:07:39.808832+00:00",
    "seed": 1337,
    "epochs": 40,
    "test_fraction": 0.4,
    "n_samples": 420,
    "split": {
      "n_total": 420,
      "n_train": 252,
      "n_test": 168,
      "train_by_category": {
        "ai_generated": {
          "safe": 31,
          "dangerous": 14
        },
        "malicious": {
          "safe": 0,
          "dangerous": 66
        },
        "obfuscated": {
          "safe": 0,
          "dangerous": 33
        },
        "safe_everyday": {
          "safe": 57,
          "dangerous": 0
        },
        "sysadmin": {
          "safe": 50,
          "dangerous": 1
        }
      },
      "test_by_category": {
        "ai_generated": {
          "safe": 21,
          "dangerous": 9
        },
        "malicious": {
          "safe": 0,
          "dangerous": 44
        },
        "obfuscated": {
          "safe": 0,
          "dangerous": 22
        },
        "safe_everyday": {
          "safe": 38,
          "dangerous": 0
        },
        "sysadmin": {
          "safe": 33,
          "dangerous": 1
        }
      },
      "train_positives": 114,
      "test_positives": 76
    },
    "python": "3.11.6",
    "platform": "Linux-6.17.0-1010-aws-x86_64-with-glibc2.36",
    "note": "All metrics are produced by a real, reproducible run of the ACTE prototype."
  },
  "rq1_detection": {
    "acte_full": {
      "precision": 0.9848484848484849,
      "recall": 0.8552631578947368,
      "f1": 0.9154929577464789,
      "mcc": 0.8605449995507438,
      "accuracy": 0.9285714285714286,
      "false_positive_rate": 0.010869565217391304,
      "false_negative_rate": 0.14473684210526316,
      "specificity": 0.9891304347826086,
      "confusion_matrix": {
        "tn": 91,
        "fp": 1,
        "fn": 11,
        "tp": 65
      },
      "support": {
        "n": 168,
        "positives": 76,
        "negatives": 92
      },
      "roc_auc": 0.9756864988558352,
      "pr_auc": 0.9780782274831874,
      "decision_threshold": 0.5,
      "training": {
        "epochs": 40,
        "final_loss": 0.2883856242085611,
        "initial_loss": 0.34495484785874303,
        "weight_delta_norm": 6.079243089537314
      }
    },
    "ablation": {
      "full": {
        "precision": 0.9848484848484849,
        "recall": 0.8552631578947368,
        "f1": 0.9154929577464789,
        "mcc": 0.8605449995507438,
        "accuracy": 0.9285714285714286,
        "false_positive_rate": 0.010869565217391304,
        "false_negative_rate": 0.14473684210526316,
        "specificity": 0.9891304347826086,
        "confusion_matrix": {
          "tn": 91,
          "fp": 1,
          "fn": 11,
          "tp": 65
        },
        "support": {
          "n": 168,
          "positives": 76,
          "negatives": 92
        },
        "roc_auc": 0.9756864988558352,
        "pr_auc": 0.9780782274831874,
        "decision_threshold": 0.5,
        "training": {
          "epochs": 40,
          "final_loss": 0.2883856242085611,
          "initial_loss": 0.34495484785874303,
          "weight_delta_norm": 6.079243089537314
        }
      },
      "no_semantic": {
        "precision": 0.9565217391304348,
        "recall": 0.868421052631579,
        "f1": 0.9103448275862069,
        "mcc": 0.8456046349687707,
        "accuracy": 0.9226190476190477,
        "false_positive_rate": 0.03260869565217391,
        "false_negative_rate": 0.13157894736842105,
        "specificity": 0.967391304347826,
        "confusion_matrix": {
          "tn": 89,
          "fp": 3,
          "fn": 10,
          "tp": 66
        },
        "support": {
          "n": 168,
          "positives": 76,
          "negatives": 92
        },
        "roc_auc": 0.9670337528604118,
        "pr_auc": 0.9731170708989388,
        "decision_threshold": 0.486,
        "training": {
          "epochs": 40,
          "final_loss": 0.2903297400952404,
          "initial_loss": 0.337446888554217,
          "weight_delta_norm": 5.1038913670969785
        }
      },
      "no_context": {
        "precision": 0.9852941176470589,
        "recall": 0.881578947368421,
        "f1": 0.9305555555555556,
        "mcc": 0.8829161840287683,
        "accuracy": 0.9404761904761905,
        "false_positive_rate": 0.010869565217391304,
        "false_negative_rate": 0.11842105263157894,
        "specificity": 0.9891304347826086,
        "confusion_matrix": {
          "tn": 91,
          "fp": 1,
          "fn": 9,
          "tp": 67
        },
        "support": {
          "n": 168,
          "positives": 76,
          "negatives": 92
        },
        "roc_auc": 0.969179061784897,
        "pr_auc": 0.9748389624187933,
        "decision_threshold": 0.429,
        "training": {
          "epochs": 40,
          "final_loss": 0.3002582854060241,
          "initial_loss": 0.33317549695701876,
          "weight_delta_norm": 4.376252188157335
        }
      },
      "no_threat": {
        "precision": 0.8333333333333334,
        "recall": 0.7894736842105263,
        "f1": 0.8108108108108109,
        "mcc": 0.662841811999329,
        "accuracy": 0.8333333333333334,
        "false_positive_rate": 0.13043478260869565,
        "false_negative_rate": 0.21052631578947367,
        "specificity": 0.8695652173913043,
        "confusion_matrix": {
          "tn": 80,
          "fp": 12,
          "fn": 16,
          "tp": 60
        },
        "support": {
          "n": 168,
          "positives": 76,
          "negatives": 92
        },
        "roc_auc": 0.8955234553775744,
        "pr_auc": 0.9014861686259887,
        "decision_threshold": 0.441,
        "training": {
          "epochs": 40,
          "final_loss": 0.4943102692189783,
          "initial_loss": 0.5220013895747423,
          "weight_delta_norm": 3.472757604250318
        }
      },
      "no_feedback": {
        "precision": 0.7659574468085106,
        "recall": 0.9473684210526315,
        "f1": 0.8470588235294118,
        "mcc": 0.7100683243908389,
        "accuracy": 0.8452380952380952,
        "false_positive_rate": 0.2391304347826087,
        "false_negative_rate": 0.05263157894736842,
        "specificity": 0.7608695652173914,
        "confusion_matrix": {
          "tn": 70,
          "fp": 22,
          "fn": 4,
          "tp": 72
        },
        "support": {
          "n": 168,
          "positives": 76,
          "negatives": 92
        },
        "roc_auc": 0.9515160183066362,
        "pr_auc": 0.9572446831923196,
        "decision_threshold": 0.5
      }
    },
    "per_category": {
      "ai_generated": {
        "n": 30,
        "n_dangerous": 9,
        "n_safe": 21,
        "recall_dangerous": 1.0,
        "false_positive_rate_safe": 0.0
      },
      "malicious": {
        "n": 44,
        "n_dangerous": 44,
        "n_safe": 0,
        "recall_dangerous": 0.75,
        "false_positive_rate_safe": null
      },
      "obfuscated": {
        "n": 22,
        "n_dangerous": 22,
        "n_safe": 0,
        "recall_dangerous": 1.0,
        "false_positive_rate_safe": null
      },
      "safe_everyday": {
        "n": 38,
        "n_dangerous": 0,
        "n_safe": 38,
        "recall_dangerous": null,
        "false_positive_rate_safe": 0.0
      },
      "sysadmin": {
        "n": 34,
        "n_dangerous": 1,
        "n_safe": 33,
        "recall_dangerous": 1.0,
        "false_positive_rate_safe": 0.030303030303030304
      }
    }
  },
  "rq2_latency": {
    "n_scripts": 420,
    "repeats_per_script": 3,
    "mean_ms": 0.509462816019853,
    "median_ms": 0.4518316127359867,
    "p95_ms": 0.9539993479847908,
    "p99_ms": 1.3353247195482254,
    "min_ms": 0.19332114607095718,
    "max_ms": 1.3744980096817017,
    "stdev_ms": 0.21820676263638203,
    "throughput_scripts_per_sec": 1962.851789287467
  },
  "rq3_baseline": {
    "available": true,
    "version": "0.9.0",
    "mapping": "dangerous if any finding level in {error, warning}",